start_along_m,chunk,kind,length_m,chunk_difficulty,difficulty_level,obstacles
0,1,Straight,173,1.00,0.000,0
173,2,GentleCurve,150,2.07,0.023,0
324,3,GentleCurve,154,2.13,0.042,0
478,4,GentleCurve,142,2.18,0.059,0
620,5,Straight,176,1.22,0.073,1
796,6,GentleCurve,194,2.29,0.096,0
991,7,Bridge,229,3.38,0.128,0
1220,8,Construction,175,4.48,0.160,16
1395,9,Straight,183,1.51,0.171,0
1578,10,Ramp,161,3.56,0.185,2
1739,11,GentleCurve,143,2.64,0.212,1
1881,12,Ramp,131,3.73,0.243,2
2012,13,GentleCurve,183,2.80,0.267,1
2195,14,Straight,186,1.84,0.281,0
2381,15,GentleCurve,179,2.85,0.283,1
2560,16,GentleCurve,162,2.91,0.304,1
2723,17,Tunnel,219,5.03,0.344,0
2942,18,Fork,196,6.17,0.390,2
3138,19,Construction,173,5.18,0.394,16
3311,20,Ramp,139,4.17,0.392,2
3450,21,Intersection,135,8.23,0.409,1
3585,22,Fork,216,6.34,0.445,2
3801,23,Construction,197,5.51,0.503,19
3999,24,Tunnel,163,5.53,0.510,1
4162,25,Intersection,122,8.49,0.498,1
4284,26,Tunnel,161,5.51,0.503,1
4445,27,Traffic,251,7.63,0.543,2
4696,28,Bridge,236,4.86,0.621,2
4932,29,BrokenRoad,155,7.86,0.621,9
5086,30,SCurve,247,5.81,0.605,2
5334,31,HardCurve,147,6.95,0.649,4
5480,32,BrokenRoad,153,8.12,0.707,10
5633,33,Tunnel,235,6.24,0.746,1
5868,34,Narrow,161,7.18,0.728,1
6029,35,Fork,221,7.13,0.711,2
6250,36,Intersection,127,9.30,0.765,2
6377,37,Traffic,205,8.46,0.821,4
6581,38,Intersection,126,9.60,0.868,2
6707,39,PartialBarriers,175,7.56,0.853,2
6882,40,BrokenRoad,176,8.46,0.819,11
7058,41,PartialBarriers,182,7.51,0.838,2
7239,42,Traffic,258,8.76,0.920,5
7498,43,Narrow,173,7.96,0.986,1
7670,44,BrokenRoad,162,8.85,0.951,11
7833,45,Ramp,156,5.77,0.923,2
7989,46,Intersection,137,9.87,0.957,2
8125,47,Construction,160,7.00,1.000,14
8285,48,Traffic,247,9.00,1.000,5
8532,49,Intersection,124,10.00,1.000,2
8656,50,Narrow,183,7.88,0.959,0
8839,51,Intersection,138,9.84,0.946,2
8977,52,HardCurve,146,7.97,0.991,5
9124,53,Fork,198,8.00,1.000,2
9322,54,HardCurve,125,8.00,1.000,6
9446,55,Intersection,130,10.00,1.000,2
9576,56,Traffic,219,8.86,0.954,4
9795,57,BrokenRoad,168,8.88,0.960,11
9963,58,Intersection,130,10.00,1.000,2
